Tina,Krueger,42,92,29,42,20,67,3,98
Hong,Kirk,33,59,55,55,96,29,52,7
Amparo,Ware,79,28,27,12,33,90,53,29
Keara,Carmody,32,57,83,89,92,81,71,18
Ramon,Hawkins,85,68,65,28,71,28,7,42
Sonja,Bullock,44,17,80,57,63,54,87,3
Lenore,Lynn,65,100,13,19,49,92,28,52
Vivian,Juarez,74,86,30,66I,94.5,79,24,13
Winston,Cooke,86,88,9,31,15,97,9,98
Linda,Spence,88,71,5,42,100,74,74,34
Woodrow,Holmes,92,44,30,68,75,81,77,89
Sophie,Moody,36,29,55,28,40,36,0,64
Corey,Lozano,32,51,72,27,76,8,23,37
Palmer,Rowe,25,55,85,69,68,40,8,56
Fructuoso,Burnham,90,40,92,22,leader,33,84,22
Leonard,Howell,48,70,26,24,46,15,24,21
Chandra,Proctor,59,76,60,61,76,13,57,86
Kelly,Gentry,98,75,32,81,5,97,97,49
Mario,Hamilton,48,70,87,35,19,34,52,18
,,,,,,,,,
Cristobal,Snyder,42,23,32,20,48,74,15,57
Clinton,Lawson,84,76,72,61,47,30,7,54
Cathy,Wallace,12,93,39,65,29,99,20,74
Malinda,Shields,42,52,43,90,12,58,51,34
Ophelia,Webster,something,arithmetic,notebook,thunder,rare,sanction,ornament,throne
Octavio,Graves,88,93,69,99,28,26,30,6
Nanette,Mcbride,86,74,4,59,66,19,37,99
Archie,Townsend,27,72,90,12,62,47,67,12
Carl,Curry,59,89,38,92,22,5,31,100
Benita,Rhodes,95,47,11,73,61,46,78,64
Santos,Novak,48,39,18,64,58,14,8,93
Lawanda,Lowery,32,12,6,28,34,95,4,54
Darren,Underwood,54,,,,,,,
Agnes,Atkinson,5,63,38,63,22,61,20,32
Amanda,Parker,83,95,70,42,68,14,26,91
Dewayne,York,95,48,98,55,63,73,25,10
Gregory,Maxwell,1,11,88,55,15,3,64,20
Josef,Franklin,13,35,40,98,17,15,84,33
Diana,Tate,60,15,5,12,49,64,32,71
Dominic,Munoz,7,94,17,41,93,16,8,44
Refugio,Jennings,21,22,6,99,75,46,6,94
Everette,Stephenson,63,46,90,9,8,76,5,100
Shirley,Caldwell,2,41,57,42,83,24,54,74
Walker,Morales,20,68,50,85,99,26,46,6
Elias,Reilly,90,88,13,,,,,
Alicia,Watts,70,43,100,59,41,19,98,26
Milagros,Brady,68,83,88,58,30,38,49,44
Nayara,Dragov,89,61,73,100,28,88,80,75
Jared,Sharp,13,23,30,45,60,58,34,13
Terry,Spencer,95,93,25,51,90,14,47,35
Lynn,,66,60,21,,15,34,54,16
Isaac,Byrd,82,7,75,37,23,89,26,2
Cyrus,Todd,53,12,56,44,56,60,45,50
Diann,Arnold,60,52,99,80,4,97,57,73
Mae,Mcmillan,58,89,5,61,59,27,15,97
Julianne,Luna,44,1,15,83,90,88,78,30
Taylor,Mueller,27,,,,,,,
,,,,,,,,,
Ava,Berger,62,22,33,85,38,73,3,94
Dianne,Schwartz,82,53,85,87,59,22,45,25
Cole,Lee,22,57,37,73,32,72,21,64
Lillie,Anthony,20,89,20,55,31,28,62,99
Medousa,Huff,77,32,59,72,71,incentive,29,4
Graham,Hatfield,41,39,14,67,58,80,9,66
Aileen,Patrick,97,35,79,59,19,51,40,31
,,44,49,91,64,2,30,41,2
Simon,Santana,62,97,18,95,37,73,9,31
April,Preston,69,49,0,58,48,64,90,93
Darron,Gillespie,60,99,76,86,40,58,5,34
,Welch,69,44,90,74,89,49,68,53
Floyd,Jacobs,30,64,100,92,35,53,1,31
Ellen,Kelley,76,23,33,19,66,42,90,54
Kimberley,Gamble,65,96,7,77,31,49,78,54
Hilario,,32,10,60,67,26,35,11,21
Doug,Murillo,16,34,52,39,83,79,41,5
Shauna,Long,78,32,90,0,84,97,77,33
Tessa,Little,28,90,68,69,85,54,56,36
Jarred,Roberts,40,29,59,55,23,5,26,63
Mark,Briggs,5,16,30,40,14,70,85,42
Rachel,Waldrop,35,86,11,40,19,45,31,57
Rainer,Abbasi,,articulate,66,53,15,80,1,33
Alfonzo,Acevedo,93,61,87,56,31,15,90,23
Kassandros,Riley,66,1,25,offer,30,79,10,78
Myra,Pollard,39,100,50,98,31,100,17,97
Julian,Landry,9,100,62,91,9,8,25,29
Bertie,Howard,80,5,69,86,58,46,37,48
Carrol,Parsons,16,33,86,77,97,49,67,64
Ty,Stephenson,20,84,37,93,86,14,48,96
Katelyn,Sandoval,94,66,83,16,65,21,20,28
Suzanne,Hull,37,76,0,70,44,8,53,9
Cabdulqaadir,DeCampo,51,49,7,28,39,48,30,73
Robyn,Mayo,97,76,3,21,66,32,54,18
Mervin,Anderson,28,97,25,96,8,67,8,59
Sri,Kohut,,7,,,,100,27,89
Fabian,Huff,81,57,82,64,72,22,12,90
Palmer,Cameron,93,14,52,87,51,73,44,83
,,2,54,75,1,,,82,22
Max,Rivas,68,89,55,77,8,23,16,80
Romeo,Woodward,11,43,54,55,40,98,1,93
Chandra,May,86,84,48,16,14,,100,21
Todd,Mccann,37,57,70,65,81,88,73,47
Reggie,Leach,21,20,46,97,54,30,81,82
Jean-Louis,Bullock,61,89,99,30,7,meal,99,2
Lenny,Fernandez,52,30,83,59,69,7,94,40
Winfred,Lang,20,96,51,27,97,36,53,11
Vince,Moreno,,,,,,,,
Alexis,Love,96,55,81,10,34,21,39,55
Essie,Hardy,1,56,3,65,77,81,53,76
Hal,Reynolds,56,77,66,30,38,72,71,97
Willa,Weiss,97,18,36,8,12,25,13,62
Jesse,Santana,28,53,4,59,43,32,33,41
Mihammad,Geisler,88,37,8,,8,45,21,48
Kip,Wiley,84,90,3,72,69,44,41,96
Olin,Gomez,23,30,91,49,30,45,13,15
Stefanija,Sabbadin,60,12,59,9,62,2,56,20
Romulus,Karimov,67,70,98,44,39,52,34,laugh
